Unnamed: 0,real,c1_m2m_q,c2_m2m_full,c3_allam_zero,c4_allam_few,c5_allam_ling,c2_m2m_full_nongram
مشترك: السلام عليكم ورحمة الله وبركاته,0.973,1.0,1.0,0.836,0.996,1.0,1.0
مشترك: اشارة الي,0.787,0.92,0.88,0.147,0.591,0.751,0.84
مشترك: حفظه الله,0.613,0.813,0.667,0.018,0.742,0.173,0.693
مشترك: معالي,0.627,0.813,0.644,0.32,0.871,0.68,0.667
مشترك: نامل,0.267,0.182,0.271,0.653,0.751,0.862,0.24
مشترك: امل,0.253,0.338,0.222,0.013,0.027,0.031,0.293
مشترك: وتفضلوا بقبول,0.133,0.187,0.724,0.124,0.449,0.813,0.187
مشترك: خالص تحياتي,0.213,0.013,0.16,0.0,0.111,0.964,0.027
مشترك: وتقبلوا,0.12,0.013,0.084,0.0,0.018,0.0,0.0
مشترك: بناء علي,0.107,0.0,0.018,0.182,0.187,0.76,0.0
مشترك: استنادا الي,0.053,0.0,0.013,0.0,0.0,0.098,0.013
مميز (داخل الفئة الصحيحة),0.343,0.225,0.298,0.067,0.262,0.451,0.371
افتتاح السلام عليكم,0.973,1.0,1.0,0.836,0.996,1.0,1.0
فاصلة عربية ، (في المتن),1.0,1.0,1.0,1.0,1.0,1.0,1.0
"فاصلة لاتينية , (في المتن)",0.0,0.0,0.0,0.0,0.0,0.0,0.0
رموز فارغة ????,0.0,0.907,0.0,0.0,0.0,0.0,0.0
عبارة القالب «مع الوثائق»/«يتطلب ...»,0.0,0.707,0.0,0.0,0.0,0.0,0.0
متوسط الطول بالكلمات,132.827,104.556,90.489,123.476,140.769,118.227,84.867
ختام صحيح «والسلام عليكم ورحمة الله وبركاته»,0.547,0.0,0.0,0.0,0.436,0.111,0.8
ختام محرّف «والسلام عليهم...»,0.0,0.351,0.049,0.0,0.0,0.0,0.0
رقم هاتف أو بريد إلكتروني,0.493,0.733,0.449,0.44,0.462,0.333,0.44
بيانات تواصل غير موجودة في الخطاب الأصلي,0.0,0.733,0.147,0.004,0.062,0.004,0.093
الدعوة تبدأ بـ«إشارة إلى خطاب/خطابكم» (من 19),0.316,1.0,0.368,0.0,0.105,0.07,0.368
عبارة دخيلة «والله أعلم»,0.0,0.0,0.0,0.0,0.0,0.0,0.0
تغطية المعلومات الدقيقة (أرقام وبريد ومنصب),1.0,0.13,0.9,0.709,0.888,0.819,0.908
تغطية: الأرقام,1.0,0.057,0.854,0.776,0.821,0.903,0.873
تغطية: البريد,1.0,0.0,0.703,0.883,0.82,0.667,0.73
تغطية: منصب المخاطَب,1.0,0.232,1.0,0.623,0.961,0.657,0.986
أرقام أو بريد مختلق,0.0,0.742,0.462,0.031,0.156,0.4,0.293
نص غير عربي أو شرح خارج الخطاب,0.013,0.0,0.013,0.196,0.129,0.258,0.013
أرقام نائبة (أصفار أو تسلسل),0.0,0.009,0.053,0.0,0.036,0.338,0.027
أرقام مختلقة حقيقية الشكل أو بريد مختلق,0.0,0.742,0.422,0.031,0.151,0.129,0.267
إحالة إلى خطاب سابق مع أن المدخل بلا مرجع,0.0,0.853,0.0,0.0,0.157,0.824,0.0
_n_noref,34.0,34.0,34.0,34.0,34.0,34.0,34.0
يبدأ الخطاب بسطر المخاطَب,0.933,1.0,1.0,0.453,0.933,0.049,1.0
لقب التوقير مطابق للخطاب الحقيقي,1.0,0.606,0.789,0.347,0.615,0.535,0.817
صيغة «تحية طيبة»,0.0,0.0,0.0,0.764,0.351,0.333,0.0
ختام «فائق الاحترام والتقدير»,0.027,0.0,0.0,0.378,0.204,0.009,0.0
عناصر فارغة بين أقواس [..],0.0,0.0,0.0,0.52,0.307,0.569,0.0
